[{"model": "myapp.publisher", "pk": 1, "fields": {"name": "Wiley", "website": "https://www.wiley.com/", "city": "Hoboken", "country": "USA"}}, {"model": "myapp.publisher", "pk": 2, "fields": {"name": "Pearson", "website": "https://www.pearson.com/", "city": "London", "country": "England"}}, {"model": "myapp.publisher", "pk": 3, "fields": {"name": "Random House", "website": "http://www.randomhousebooks.com/", "city": "New York", "country": "USA"}}, {"model": "myapp.book", "pk": 1, "fields": {"title": "Advanced Optical Networks", "category": "S", "num_pages": 110, "price": "98.99", "publisher": 1, "description": "", "num_reviews": 1}}, {"model": "myapp.book", "pk": 2, "fields": {"title": "Wireless Networks", "category": "S", "num_pages": 300, "price": "187.54", "publisher": 2, "description": "", "num_reviews": 0}}, {"model": "myapp.book", "pk": 3, "fields": {"title": "A New World", "category": "T", "num_pages": 75, "price": "60.00", "publisher": 3, "description": "", "num_reviews": 1}}, {"model": "myapp.book", "pk": 4, "fields": {"title": "Python Programming", "category": "S", "num_pages": 275, "price": "125.99", "publisher": 2, "description": "", "num_reviews": 2}}, {"model": "myapp.book", "pk": 5, "fields": {"title": "A Good Story", "category": "F", "num_pages": 155, "price": "25.00", "publisher": 3, "description": "", "num_reviews": 0}}, {"model": "myapp.book", "pk": 6, "fields": {"title": "Jane Austen", "category": "B", "num_pages": 360, "price": "55.50", "publisher": 3, "description": "", "num_reviews": 0}}, {"model": "myapp.book", "pk": 7, "fields": {"title": "Jane Eyre", "category": "F", "num_pages": 280, "price": "19.99", "publisher": 3, "description": "", "num_reviews": 0}}, {"model": "myapp.book", "pk": 8, "fields": {"title": "Art History", "category": "O", "num_pages": 430, "price": "165.75", "publisher": 1, "description": "", "num_reviews": 2}}, {"model": "myapp.review", "pk": 35, "fields": {"reviewer": "1@gmail.com", "book": 1, "rating": 7, "comments": "7", "date": "2019-11-24"}}, {"model": "myapp.review", "pk": 36, "fields": {"reviewer": "2@gmail.com", "book": 2, "rating": 7, "comments": "7", "date": "2019-11-24"}}, {"model": "myapp.review", "pk": 37, "fields": {"reviewer": "3@gmail.com", "book": 3, "rating": 7, "comments": "7", "date": "2019-11-24"}}, {"model": "myapp.review", "pk": 38, "fields": {"reviewer": "4@gmail.com", "book": 4, "rating": 7, "comments": "", "date": "2019-11-24"}}, {"model": "myapp.review", "pk": 39, "fields": {"reviewer": "5@gmail.com", "book": 5, "rating": 7, "comments": "", "date": "2019-11-24"}}, {"model": "myapp.review", "pk": 40, "fields": {"reviewer": "6@gmail.com", "book": 6, "rating": 7, "comments": "", "date": "2019-11-24"}}, {"model": "myapp.review", "pk": 41, "fields": {"reviewer": "7@gmail.com", "book": 7, "rating": 7, "comments": "", "date": "2019-11-24"}}, {"model": "myapp.review", "pk": 43, "fields": {"reviewer": "mary@gmail.com", "book": 1, "rating": 5, "comments": "", "date": "2019-12-08"}}, {"model": "myapp.review", "pk": 44, "fields": {"reviewer": "mary@gmail.com", "book": 3, "rating": 4, "comments": "", "date": "2019-12-09"}}, {"model": "contenttypes.contenttype", "pk": 1, "fields": {"app_label": "admin", "model": "logentry"}}, {"model": "contenttypes.contenttype", "pk": 2, "fields": {"app_label": "auth", "model": "permission"}}, {"model": "contenttypes.contenttype", "pk": 3, "fields": {"app_label": "auth", "model": "group"}}, {"model": "contenttypes.contenttype", "pk": 4, "fields": {"app_label": "auth", "model": "user"}}, {"model": "contenttypes.contenttype", "pk": 5, "fields": {"app_label": "contenttypes", "model": "contenttype"}}, {"model": "contenttypes.contenttype", "pk": 6, "fields": {"app_label": "sessions", "model": "session"}}, {"model": "contenttypes.contenttype", "pk": 7, "fields": {"app_label": "myapp", "model": "book"}}, {"model": "contenttypes.contenttype", "pk": 8, "fields": {"app_label": "myapp", "model": "publisher"}}, {"model": "contenttypes.contenttype", "pk": 9, "fields": {"app_label": "myapp", "model": "member"}}, {"model": "contenttypes.contenttype", "pk": 10, "fields": {"app_label": "myapp", "model": "order"}}, {"model": "contenttypes.contenttype", "pk": 11, "fields": {"app_label": "myapp", "model": "review"}}, {"model": "contenttypes.contenttype", "pk": 12, "fields": {"app_label": "myapp", "model": "profile"}}, {"model": "sessions.session", "pk": "04bthky5lzas4npq4x8djy92lffbs789", "fields": {"session_data": "YjEyMGFhMTRhMzU2OTZmZGNmMmFjMzg1ZWQ1NTI1ZWE0NGQ4OGNkMjp7InVzZXJuYW1lIjoibWFyeSJ9", "expire_date": "2019-12-21T22:16:04.583Z"}}, {"model": "sessions.session", "pk": "08ty3se8goz2uqiv5s9pkycv9huh9my7", "fields": {"session_data": "M2FjNjg0NTg0MjllYjlkMzFkNTIzZDk5YjQ0Y2QxYzdmMmJhNWRiMzp7InVzZXJuYW1lIjoibWFyeSIsIl9hdXRoX3VzZXJfaWQiOiIzIiwiX2F1dGhfdXNlcl9iYWNrZW5kIjoiZGphbmdvLmNvbnRyaWIuYXV0aC5iYWNrZW5kcy5Nb2RlbEJhY2tlbmQiLCJfYXV0aF91c2VyX2hhc2giOiJlZGY1YmFkN2Y5YzI3M2ViNDY3M2JlMGExOTRhNjFhNDA0NWEyNzJjIiwibGFzdF9sb2dpbiI6IjI0LTExLTIwMTkgMTM6MjQ6MDIiLCJfc2Vzc2lvbl9leHBpcnkiOjM2MDB9", "expire_date": "2019-11-24T19:24:02.954Z"}}, {"model": "sessions.session", "pk": "0vqj2mkv5sspv2xl6mfssey2irlnaplo", "fields": {"session_data": "OTNlN2Y5MjFiMTcwMTBlNmM1NDRiZmYwZjc3NWRjNTYxOGMxNWI2ODp7Il9hdXRoX3VzZXJfaWQiOiIxIiwiX2F1dGhfdXNlcl9iYWNrZW5kIjoiZGphbmdvLmNvbnRyaWIuYXV0aC5iYWNrZW5kcy5Nb2RlbEJhY2tlbmQiLCJfYXV0aF91c2VyX2hhc2giOiIxYzAxYTJmYTM5NGI2MWZhMzkzODE3YTAyNWMzMDJhMzAzYTM3MWZmIn0=", "expire_date": "2019-11-16T22:31:33.968Z"}}, {"model": "sessions.session", "pk": "2pdvr21uiewlj7ublvmyrf8uux0o8bpv", "fields": {"session_data": "ODAyMzg1NDBhNTk5ZWNhYTEzMTM1MWRhZjg2YWFmNTBkNjBmNDY0ODp7InVzZXJuYW1lIjoibWFyeSIsIl9hdXRoX3VzZXJfaWQiOiIzIiwiX2F1dGhfdXNlcl9iYWNrZW5kIjoiZGphbmdvLmNvbnRyaWIuYXV0aC5iYWNrZW5kcy5Nb2RlbEJhY2tlbmQiLCJfYXV0aF91c2VyX2hhc2giOiJlZGY1YmFkN2Y5YzI3M2ViNDY3M2JlMGExOTRhNjFhNDA0NWEyNzJjIiwibGFzdF9sb2dpbiI6IjA3LTEyLTIwMTkgMTc6MjA6MjIiLCJfc2Vzc2lvbl9leHBpcnkiOjYwfQ==", "expire_date": "2019-12-07T22:21:22.669Z"}}, {"model": "sessions.session", "pk": "3fdkw6nge6ougzcv40c3ufpt4j9ty3lz", "fields": {"session_data": "MzUyNzY3NThkNmUyOWViNWRjZWI2MzJmMTIyYWY2MDRhOWJjNDJjMTp7Il9hdXRoX3VzZXJfaWQiOiIzIiwiX2F1dGhfdXNlcl9iYWNrZW5kIjoiZGphbmdvLmNvbnRyaWIuYXV0aC5iYWNrZW5kcy5Nb2RlbEJhY2tlbmQiLCJfYXV0aF91c2VyX2hhc2giOiJlZGY1YmFkN2Y5YzI3M2ViNDY3M2JlMGExOTRhNjFhNDA0NWEyNzJjIn0=", "expire_date": "2019-12-23T22:33:18.014Z"}}, {"model": "sessions.session", "pk": "6b6ewst0xgjjtvzdkufu51xl0lhfvcy5", "fields": {"session_data": "YzQ4NTVjODEwNTA2NDZjNGM5NzYyM2MzYmFjN2QyNDk1ODI3NDQxNzp7InVzZXJuYW1lIjoibWFyeSIsIl9hdXRoX3VzZXJfaWQiOiIzIiwiX2F1dGhfdXNlcl9iYWNrZW5kIjoiZGphbmdvLmNvbnRyaWIuYXV0aC5iYWNrZW5kcy5Nb2RlbEJhY2tlbmQiLCJfYXV0aF91c2VyX2hhc2giOiJlZGY1YmFkN2Y5YzI3M2ViNDY3M2JlMGExOTRhNjFhNDA0NWEyNzJjIiwibGFzdF9sb2dpbiI6IjA3LTEyLTIwMTkgMDA6MjE6MDMiLCJfc2Vzc2lvbl9leHBpcnkiOjYwfQ==", "expire_date": "2019-12-07T05:22:03.194Z"}}, {"model": "sessions.session", "pk": "apsky1w2qu4c9gn5xrujueabp2dyuwle", "fields": {"session_data": "YTk1ZmJhYzViNzkwYTM3YTE2MmMyN2UwYWI3Zjk2YjBjY2MzZjdjZDp7Il9hdXRoX3VzZXJfaWQiOiIzIiwiX2F1dGhfdXNlcl9iYWNrZW5kIjoiZGphbmdvLmNvbnRyaWIuYXV0aC5iYWNrZW5kcy5Nb2RlbEJhY2tlbmQiLCJfYXV0aF91c2VyX2hhc2giOiJlZGY1YmFkN2Y5YzI3M2ViNDY3M2JlMGExOTRhNjFhNDA0NWEyNzJjIiwibGFzdF9sb2dpbiI6IjA2LTEyLTIwMTkgMTY6MTg6NTMiLCJfc2Vzc2lvbl9leHBpcnkiOjYwfQ==", "expire_date": "2019-12-06T21:19:53.200Z"}}, {"model": "sessions.session", "pk": "auhcu9owtz90avjefdbsxa5kiqbtjoe4", "fields": {"session_data": "MGVmZTJmMzY1ZTBkMDVlY2YyZTVjZTRiMWMzZmRmNzlmYTIxM2MzNTp7InVzZXJuYW1lIjoibWFyeSIsIl9hdXRoX3VzZXJfaWQiOiIzIiwiX2F1dGhfdXNlcl9iYWNrZW5kIjoiZGphbmdvLmNvbnRyaWIuYXV0aC5iYWNrZW5kcy5Nb2RlbEJhY2tlbmQiLCJfYXV0aF91c2VyX2hhc2giOiJlZGY1YmFkN2Y5YzI3M2ViNDY3M2JlMGExOTRhNjFhNDA0NWEyNzJjIiwibGFzdF9sb2dpbiI6IjA2LTEyLTIwMTkgMjM6Mzk6NTUiLCJfc2Vzc2lvbl9leHBpcnkiOjYwfQ==", "expire_date": "2019-12-07T04:40:55.554Z"}}, {"model": "sessions.session", "pk": "doisbvh0sx873ldyowr2mhdbpwvnustw", "fields": {"session_data": "OTNlN2Y5MjFiMTcwMTBlNmM1NDRiZmYwZjc3NWRjNTYxOGMxNWI2ODp7Il9hdXRoX3VzZXJfaWQiOiIxIiwiX2F1dGhfdXNlcl9iYWNrZW5kIjoiZGphbmdvLmNvbnRyaWIuYXV0aC5iYWNrZW5kcy5Nb2RlbEJhY2tlbmQiLCJfYXV0aF91c2VyX2hhc2giOiIxYzAxYTJmYTM5NGI2MWZhMzkzODE3YTAyNWMzMDJhMzAzYTM3MWZmIn0=", "expire_date": "2019-10-13T22:04:34.096Z"}}, {"model": "sessions.session", "pk": "ierw0ne67pkpzispvvtedbq3ww0bjq8p", "fields": {"session_data": "OTNlN2Y5MjFiMTcwMTBlNmM1NDRiZmYwZjc3NWRjNTYxOGMxNWI2ODp7Il9hdXRoX3VzZXJfaWQiOiIxIiwiX2F1dGhfdXNlcl9iYWNrZW5kIjoiZGphbmdvLmNvbnRyaWIuYXV0aC5iYWNrZW5kcy5Nb2RlbEJhY2tlbmQiLCJfYXV0aF91c2VyX2hhc2giOiIxYzAxYTJmYTM5NGI2MWZhMzkzODE3YTAyNWMzMDJhMzAzYTM3MWZmIn0=", "expire_date": "2019-11-11T17:12:35.120Z"}}, {"model": "sessions.session", "pk": "lzf43lt1bgvsyp3183gxwdzsveo8wqe8", "fields": {"session_data": "MDkzODk4Y2ExZmIzZDc2ZWNkY2FmYWZmNjMzYjMxZjNiYTUzZTU2ODp7InVzZXJuYW1lIjoiYWJjZCIsIl9hdXRoX3VzZXJfaWQiOiI4IiwiX2F1dGhfdXNlcl9iYWNrZW5kIjoiZGphbmdvLmNvbnRyaWIuYXV0aC5iYWNrZW5kcy5Nb2RlbEJhY2tlbmQiLCJfYXV0aF91c2VyX2hhc2giOiI0MzcxOWI3M2FlOTVkOTAxZDNmNGRiNDBiNTEyMDc1NTc0YzRiNWFjIiwibGFzdF9sb2dpbiI6IjA4LTEyLTIwMTkgMTY6MTY6NTUiLCJfc2Vzc2lvbl9leHBpcnkiOjYwfQ==", "expire_date": "2019-12-08T21:17:55.789Z"}}, {"model": "sessions.session", "pk": "mjjdr02wuew16clbizhn366zpd22raf3", "fields": {"session_data": "ZDNiMGQyYzZkYzMzMDg2YWNjYTllM2MxMTA3OWEyZTM4ZDYwZGNkMTp7InVzZXJuYW1lIjoibWFyeSIsIl9hdXRoX3VzZXJfaWQiOiIzIiwiX2F1dGhfdXNlcl9iYWNrZW5kIjoiZGphbmdvLmNvbnRyaWIuYXV0aC5iYWNrZW5kcy5Nb2RlbEJhY2tlbmQiLCJfYXV0aF91c2VyX2hhc2giOiJlZGY1YmFkN2Y5YzI3M2ViNDY3M2JlMGExOTRhNjFhNDA0NWEyNzJjIiwibGFzdF9sb2dpbiI6IjI1LTExLTIwMTkgMTM6MDk6MzciLCJfc2Vzc2lvbl9leHBpcnkiOjYwfQ==", "expire_date": "2019-11-25T18:10:37.536Z"}}, {"model": "sessions.session", "pk": "mtowo13yg6orjtck21cz7vcf5roradhk", "fields": {"session_data": "YjI2YTg2MGJjMTk1OGE4YzhlMTRiMDZkNzhkOWUyNTRhZWExYzg0NTp7fQ==", "expire_date": "2019-12-23T13:22:08.299Z"}}, {"model": "sessions.session", "pk": "o7ul756puocu6ajbfrs421juadygom1c", "fields": {"session_data": "YjI2YTg2MGJjMTk1OGE4YzhlMTRiMDZkNzhkOWUyNTRhZWExYzg0NTp7fQ==", "expire_date": "2019-12-02T18:52:50.974Z"}}, {"model": "sessions.session", "pk": "obcy8wa0n7gvi8rd8najm6omnwds3veo", "fields": {"session_data": "YmJhZjk2NWZhNjI2NDU5MmY1OTkyMjZlNTg3ODg4ZTRjMjNjMzliZTp7InVzZXJuYW1lIjoibWFyeSIsIl9hdXRoX3VzZXJfaWQiOiIzIiwiX2F1dGhfdXNlcl9iYWNrZW5kIjoiZGphbmdvLmNvbnRyaWIuYXV0aC5iYWNrZW5kcy5Nb2RlbEJhY2tlbmQiLCJfYXV0aF91c2VyX2hhc2giOiJlZGY1YmFkN2Y5YzI3M2ViNDY3M2JlMGExOTRhNjFhNDA0NWEyNzJjIiwibGFzdF9sb2dpbiI6IjA3LTEyLTIwMTkgMDA6MTc6MjAiLCJfc2Vzc2lvbl9leHBpcnkiOjYwfQ==", "expire_date": "2019-12-07T05:18:20.212Z"}}, {"model": "sessions.session", "pk": "pohkmc8crh5g841fbj4davo0te0uu53z", "fields": {"session_data": "NTcwYmQzNmY4ZDljMmI1ODNmZTBmODE2ODBkZmRjMjIxODNhNjNlZDp7InVzZXJuYW1lIjoibWFyeSIsIl9hdXRoX3VzZXJfaWQiOiIzIiwiX2F1dGhfdXNlcl9iYWNrZW5kIjoiZGphbmdvLmNvbnRyaWIuYXV0aC5iYWNrZW5kcy5Nb2RlbEJhY2tlbmQiLCJfYXV0aF91c2VyX2hhc2giOiJlZGY1YmFkN2Y5YzI3M2ViNDY3M2JlMGExOTRhNjFhNDA0NWEyNzJjIiwibGFzdF9sb2dpbiI6IjA3LTEyLTIwMTkgMTc6MjI6NTkiLCJfc2Vzc2lvbl9leHBpcnkiOjYwfQ==", "expire_date": "2019-12-07T22:23:59.845Z"}}, {"model": "sessions.session", "pk": "qjofnfzornz35xaw6g2p7q92ewbks3ms", "fields": {"session_data": "ZDE5MWUyYzIwYzYxZDJjNDcxZDY5NDI3OTc0ZjMwZDFlNDcxNmU1NDp7InVzZXJuYW1lIjoibWFyeSIsIl9hdXRoX3VzZXJfaWQiOiIzIiwiX2F1dGhfdXNlcl9iYWNrZW5kIjoiZGphbmdvLmNvbnRyaWIuYXV0aC5iYWNrZW5kcy5Nb2RlbEJhY2tlbmQiLCJfYXV0aF91c2VyX2hhc2giOiJlZGY1YmFkN2Y5YzI3M2ViNDY3M2JlMGExOTRhNjFhNDA0NWEyNzJjIiwibGFzdF9sb2dpbiI6IjA4LTEyLTIwMTkgMTA6MDg6MzIiLCJfc2Vzc2lvbl9leHBpcnkiOjYwfQ==", "expire_date": "2019-12-08T15:09:32.205Z"}}, {"model": "sessions.session", "pk": "r4tf0oun069uzalhy5mp8mu10igdpw5q", "fields": {"session_data": "ZTJmOWQwNDdkYWI4OTA5ZDU4ZmQ3MzMxYTNjMGE4Y2Y0ODZkMGQxOTp7InVzZXJuYW1lIjoibWFyeSIsIl9hdXRoX3VzZXJfaWQiOiIzIiwiX2F1dGhfdXNlcl9iYWNrZW5kIjoiZGphbmdvLmNvbnRyaWIuYXV0aC5iYWNrZW5kcy5Nb2RlbEJhY2tlbmQiLCJfYXV0aF91c2VyX2hhc2giOiJlZGY1YmFkN2Y5YzI3M2ViNDY3M2JlMGExOTRhNjFhNDA0NWEyNzJjIiwibGFzdF9sb2dpbiI6IjA5LTEyLTIwMTkgMDc6Mzg6NTMiLCJfc2Vzc2lvbl9leHBpcnkiOjYwfQ==", "expire_date": "2019-12-09T12:39:53.057Z"}}, {"model": "sessions.session", "pk": "sp3pjpgrwdb3vij4gwpyre6n98wsojdo", "fields": {"session_data": "OTNlN2Y5MjFiMTcwMTBlNmM1NDRiZmYwZjc3NWRjNTYxOGMxNWI2ODp7Il9hdXRoX3VzZXJfaWQiOiIxIiwiX2F1dGhfdXNlcl9iYWNrZW5kIjoiZGphbmdvLmNvbnRyaWIuYXV0aC5iYWNrZW5kcy5Nb2RlbEJhY2tlbmQiLCJfYXV0aF91c2VyX2hhc2giOiIxYzAxYTJmYTM5NGI2MWZhMzkzODE3YTAyNWMzMDJhMzAzYTM3MWZmIn0=", "expire_date": "2019-10-19T14:46:37.633Z"}}, {"model": "sessions.session", "pk": "tt9p0ej434yl7t1iwq13v0996v2kmq8m", "fields": {"session_data": "YjI2YTg2MGJjMTk1OGE4YzhlMTRiMDZkNzhkOWUyNTRhZWExYzg0NTp7fQ==", "expire_date": "2019-12-23T13:21:01.535Z"}}, {"model": "sessions.session", "pk": "ua2zqvxz4icdxfar9erc1rnh00fzl6sj", "fields": {"session_data": "YjI2YTg2MGJjMTk1OGE4YzhlMTRiMDZkNzhkOWUyNTRhZWExYzg0NTp7fQ==", "expire_date": "2019-12-23T13:30:31.646Z"}}, {"model": "sessions.session", "pk": "vygfs4vczxh70rjksjbutd9pk4kolufm", "fields": {"session_data": "YjI2YTg2MGJjMTk1OGE4YzhlMTRiMDZkNzhkOWUyNTRhZWExYzg0NTp7fQ==", "expire_date": "2019-12-23T13:19:54.462Z"}}, {"model": "sessions.session", "pk": "wf5geeaw91f7ewzsypv868cn2n8pcpyb", "fields": {"session_data": "YjI2YTg2MGJjMTk1OGE4YzhlMTRiMDZkNzhkOWUyNTRhZWExYzg0NTp7fQ==", "expire_date": "2019-12-23T13:22:33.323Z"}}, {"model": "sessions.session", "pk": "wm6b7a3d6b6t1t6kbujl7igsjcvajh3l", "fields": {"session_data": "MThkMzFkZTA3NjkzNWMwZGEwZWJhNjJmYzIyYmRmNmM5MTJhZGQ4Yzp7InVzZXJuYW1lIjoibWFyeSIsIl9hdXRoX3VzZXJfaWQiOiIzIiwiX2F1dGhfdXNlcl9iYWNrZW5kIjoiZGphbmdvLmNvbnRyaWIuYXV0aC5iYWNrZW5kcy5Nb2RlbEJhY2tlbmQiLCJfYXV0aF91c2VyX2hhc2giOiJlZGY1YmFkN2Y5YzI3M2ViNDY3M2JlMGExOTRhNjFhNDA0NWEyNzJjIiwibGFzdF9sb2dpbiI6IjA3LTEyLTIwMTkgMDA6MzE6MTMiLCJfc2Vzc2lvbl9leHBpcnkiOjYwfQ==", "expire_date": "2019-12-07T05:32:13.034Z"}}, {"model": "auth.permission", "pk": 1, "fields": {"name": "Can add log entry", "content_type": 1, "codename": "add_logentry"}}, {"model": "auth.permission", "pk": 2, "fields": {"name": "Can change log entry", "content_type": 1, "codename": "change_logentry"}}, {"model": "auth.permission", "pk": 3, "fields": {"name": "Can delete log entry", "content_type": 1, "codename": "delete_logentry"}}, {"model": "auth.permission", "pk": 4, "fields": {"name": "Can view log entry", "content_type": 1, "codename": "view_logentry"}}, {"model": "auth.permission", "pk": 5, "fields": {"name": "Can add permission", "content_type": 2, "codename": "add_permission"}}, {"model": "auth.permission", "pk": 6, "fields": {"name": "Can change permission", "content_type": 2, "codename": "change_permission"}}, {"model": "auth.permission", "pk": 7, "fields": {"name": "Can delete permission", "content_type": 2, "codename": "delete_permission"}}, {"model": "auth.permission", "pk": 8, "fields": {"name": "Can view permission", "content_type": 2, "codename": "view_permission"}}, {"model": "auth.permission", "pk": 9, "fields": {"name": "Can add group", "content_type": 3, "codename": "add_group"}}, {"model": "auth.permission", "pk": 10, "fields": {"name": "Can change group", "content_type": 3, "codename": "change_group"}}, {"model": "auth.permission", "pk": 11, "fields": {"name": "Can delete group", "content_type": 3, "codename": "delete_group"}}, {"model": "auth.permission", "pk": 12, "fields": {"name": "Can view group", "content_type": 3, "codename": "view_group"}}, {"model": "auth.permission", "pk": 13, "fields": {"name": "Can add user", "content_type": 4, "codename": "add_user"}}, {"model": "auth.permission", "pk": 14, "fields": {"name": "Can change user", "content_type": 4, "codename": "change_user"}}, {"model": "auth.permission", "pk": 15, "fields": {"name": "Can delete user", "content_type": 4, "codename": "delete_user"}}, {"model": "auth.permission", "pk": 16, "fields": {"name": "Can view user", "content_type": 4, "codename": "view_user"}}, {"model": "auth.permission", "pk": 17, "fields": {"name": "Can add content type", "content_type": 5, "codename": "add_contenttype"}}, {"model": "auth.permission", "pk": 18, "fields": {"name": "Can change content type", "content_type": 5, "codename": "change_contenttype"}}, {"model": "auth.permission", "pk": 19, "fields": {"name": "Can delete content type", "content_type": 5, "codename": "delete_contenttype"}}, {"model": "auth.permission", "pk": 20, "fields": {"name": "Can view content type", "content_type": 5, "codename": "view_contenttype"}}, {"model": "auth.permission", "pk": 21, "fields": {"name": "Can add session", "content_type": 6, "codename": "add_session"}}, {"model": "auth.permission", "pk": 22, "fields": {"name": "Can change session", "content_type": 6, "codename": "change_session"}}, {"model": "auth.permission", "pk": 23, "fields": {"name": "Can delete session", "content_type": 6, "codename": "delete_session"}}, {"model": "auth.permission", "pk": 24, "fields": {"name": "Can view session", "content_type": 6, "codename": "view_session"}}, {"model": "auth.permission", "pk": 25, "fields": {"name": "Can add book", "content_type": 7, "codename": "add_book"}}, {"model": "auth.permission", "pk": 26, "fields": {"name": "Can change book", "content_type": 7, "codename": "change_book"}}, {"model": "auth.permission", "pk": 27, "fields": {"name": "Can delete book", "content_type": 7, "codename": "delete_book"}}, {"model": "auth.permission", "pk": 28, "fields": {"name": "Can view book", "content_type": 7, "codename": "view_book"}}, {"model": "auth.permission", "pk": 29, "fields": {"name": "Can add publisher", "content_type": 8, "codename": "add_publisher"}}, {"model": "auth.permission", "pk": 30, "fields": {"name": "Can change publisher", "content_type": 8, "codename": "change_publisher"}}, {"model": "auth.permission", "pk": 31, "fields": {"name": "Can delete publisher", "content_type": 8, "codename": "delete_publisher"}}, {"model": "auth.permission", "pk": 32, "fields": {"name": "Can view publisher", "content_type": 8, "codename": "view_publisher"}}, {"model": "auth.permission", "pk": 33, "fields": {"name": "Can add user", "content_type": 9, "codename": "add_member"}}, {"model": "auth.permission", "pk": 34, "fields": {"name": "Can change user", "content_type": 9, "codename": "change_member"}}, {"model": "auth.permission", "pk": 35, "fields": {"name": "Can delete user", "content_type": 9, "codename": "delete_member"}}, {"model": "auth.permission", "pk": 36, "fields": {"name": "Can view user", "content_type": 9, "codename": "view_member"}}, {"model": "auth.permission", "pk": 37, "fields": {"name": "Can add order", "content_type": 10, "codename": "add_order"}}, {"model": "auth.permission", "pk": 38, "fields": {"name": "Can change order", "content_type": 10, "codename": "change_order"}}, {"model": "auth.permission", "pk": 39, "fields": {"name": "Can delete order", "content_type": 10, "codename": "delete_order"}}, {"model": "auth.permission", "pk": 40, "fields": {"name": "Can view order", "content_type": 10, "codename": "view_order"}}, {"model": "auth.permission", "pk": 41, "fields": {"name": "Can add review", "content_type": 11, "codename": "add_review"}}, {"model": "auth.permission", "pk": 42, "fields": {"name": "Can change review", "content_type": 11, "codename": "change_review"}}, {"model": "auth.permission", "pk": 43, "fields": {"name": "Can delete review", "content_type": 11, "codename": "delete_review"}}, {"model": "auth.permission", "pk": 44, "fields": {"name": "Can view review", "content_type": 11, "codename": "view_review"}}, {"model": "auth.permission", "pk": 45, "fields": {"name": "Can add profile", "content_type": 12, "codename": "add_profile"}}, {"model": "auth.permission", "pk": 46, "fields": {"name": "Can change profile", "content_type": 12, "codename": "change_profile"}}, {"model": "auth.permission", "pk": 47, "fields": {"name": "Can delete profile", "content_type": 12, "codename": "delete_profile"}}, {"model": "auth.permission", "pk": 48, "fields": {"name": "Can view profile", "content_type": 12, "codename": "view_profile"}}, {"model": "auth.user", "pk": 1, "fields": {"password": "pbkdf2_sha256$150000$CLiUufKTHsiZ$Y3PtVIPyHWxGpaNbuqnJ8yqu/p1KpnQXaCWJ5RRXrPE=", "last_login": "2019-12-09T22:24:36.120Z", "is_superuser": true, "username": "khyatii", "first_name": "", "last_name": "", "email": "chandak@uwindsor.ca", "is_staff": true, "is_active": true, "date_joined": "2019-09-29T21:04:42.685Z", "groups": [], "user_permissions": []}}, {"model": "auth.user", "pk": 2, "fields": {"password": "pbkdf2_sha256$150000$dyALJRqTVI8s$42t3VrHTUWaub7GL3rYUSf1FMaDA4Y3rjW9xGZv3z2o=", "last_login": null, "is_superuser": false, "username": "john", "first_name": "John", "last_name": "Smith", "email": "", "is_staff": false, "is_active": true, "date_joined": "2019-10-05T14:47:24Z", "groups": [], "user_permissions": []}}, {"model": "auth.user", "pk": 3, "fields": {"password": "pbkdf2_sha256$150000$8ENJsgj4h5XJ$MWP50OQmYPIUKjbrIn1ijq3UMr5QTsE5L8vwqnRmOm4=", "last_login": "2019-12-09T22:33:18.004Z", "is_superuser": false, "username": "mary", "first_name": "Mary", "last_name": "Hall", "email": "mary@gmail.com", "is_staff": false, "is_active": true, "date_joined": "2019-10-05T14:51:35Z", "groups": [], "user_permissions": []}}, {"model": "auth.user", "pk": 4, "fields": {"password": "123", "last_login": null, "is_superuser": false, "username": "alan", "first_name": "Alan", "last_name": "Jones", "email": "", "is_staff": false, "is_active": true, "date_joined": "2019-10-05T14:52:53Z", "groups": [], "user_permissions": []}}, {"model": "auth.user", "pk": 5, "fields": {"password": "pbkdf2_sha256$150000$E4eU89KsFGiJ$QfOAd2W80V9vcUETA0w/E3hST2qLX19M7MwNOc3yy58=", "last_login": "2019-12-09T15:55:18.928Z", "is_superuser": false, "username": "josh", "first_name": "Josh", "last_name": "Jones", "email": "", "is_staff": false, "is_active": true, "date_joined": "2019-10-05T14:53:49Z", "groups": [], "user_permissions": []}}, {"model": "auth.user", "pk": 6, "fields": {"password": "123", "last_login": null, "is_superuser": false, "username": "bill", "first_name": "Bill", "last_name": "Wang", "email": "", "is_staff": false, "is_active": true, "date_joined": "2019-10-05T14:54:32Z", "groups": [], "user_permissions": []}}, {"model": "auth.user", "pk": 7, "fields": {"password": "123", "last_login": null, "is_superuser": false, "username": "anne", "first_name": "Anne", "last_name": "Wang", "email": "", "is_staff": false, "is_active": true, "date_joined": "2019-10-05T14:55:20Z", "groups": [], "user_permissions": []}}, {"model": "auth.user", "pk": 8, "fields": {"password": "pbkdf2_sha256$150000$L7t64drk4Qlk$ixXUTwFxNegSK8ozjO0kiutRDY/n7Dvra2+11q/xQUM=", "last_login": "2019-12-09T13:54:14.443Z", "is_superuser": false, "username": "abcd", "first_name": "", "last_name": "", "email": "abcd@gmail.com", "is_staff": false, "is_active": true, "date_joined": "2019-12-08T21:16:32.067Z", "groups": [], "user_permissions": []}}, {"model": "auth.user", "pk": 9, "fields": {"password": "pbkdf2_sha256$150000$eWac9wLMIjGB$rFG3WYhZyXekKs0cK2VUGE5w2tj5qx7X6AYyWi2Km2k=", "last_login": null, "is_superuser": false, "username": "abcde", "first_name": "", "last_name": "", "email": "abcde@gmail.com", "is_staff": false, "is_active": true, "date_joined": "2019-12-09T12:44:59.265Z", "groups": [], "user_permissions": []}}, {"model": "auth.user", "pk": 10, "fields": {"password": "pbkdf2_sha256$150000$jp1BQ42wZVPM$2GnOV7j0skkY1suF14TPUflGoVAI8/W/7Dh6HGMoWJ4=", "last_login": null, "is_superuser": false, "username": "Janki", "first_name": "", "last_name": "", "email": "janki@gmail.com", "is_staff": false, "is_active": true, "date_joined": "2019-12-09T17:53:30.898Z", "groups": [], "user_permissions": []}}, {"model": "admin.logentry", "pk": 1, "fields": {"action_time": "2019-09-29T21:16:32.473Z", "user": 1, "content_type": 8, "object_id": "1", "object_repr": "Publisher object (1)", "action_flag": 1, "change_message": "[{\"added\": {}}]"}}, {"model": "admin.logentry", "pk": 2, "fields": {"action_time": "2019-09-29T21:17:01.863Z", "user": 1, "content_type": 8, "object_id": "2", "object_repr": "Publisher object (2)", "action_flag": 1, "change_message": "[{\"added\": {}}]"}}, {"model": "admin.logentry", "pk": 3, "fields": {"action_time": "2019-09-29T21:17:27.315Z", "user": 1, "content_type": 8, "object_id": "3", "object_repr": "Publisher object (3)", "action_flag": 1, "change_message": "[{\"added\": {}}]"}}, {"model": "admin.logentry", "pk": 4, "fields": {"action_time": "2019-09-29T21:17:45.171Z", "user": 1, "content_type": 8, "object_id": "1", "object_repr": "Publisher object (1)", "action_flag": 2, "change_message": "[]"}}, {"model": "admin.logentry", "pk": 5, "fields": {"action_time": "2019-09-29T21:18:43.165Z", "user": 1, "content_type": 7, "object_id": "1", "object_repr": "Book object (1)", "action_flag": 1, "change_message": "[{\"added\": {}}]"}}, {"model": "admin.logentry", "pk": 6, "fields": {"action_time": "2019-09-29T21:20:09.995Z", "user": 1, "content_type": 7, "object_id": "2", "object_repr": "Book object (2)", "action_flag": 1, "change_message": "[{\"added\": {}}]"}}, {"model": "admin.logentry", "pk": 7, "fields": {"action_time": "2019-09-29T21:20:37.451Z", "user": 1, "content_type": 7, "object_id": "3", "object_repr": "Book object (3)", "action_flag": 1, "change_message": "[{\"added\": {}}]"}}, {"model": "admin.logentry", "pk": 8, "fields": {"action_time": "2019-09-29T21:21:03.803Z", "user": 1, "content_type": 7, "object_id": "4", "object_repr": "Book object (4)", "action_flag": 1, "change_message": "[{\"added\": {}}]"}}, {"model": "admin.logentry", "pk": 9, "fields": {"action_time": "2019-09-29T21:21:43.042Z", "user": 1, "content_type": 7, "object_id": "5", "object_repr": "Book object (5)", "action_flag": 1, "change_message": "[{\"added\": {}}]"}}, {"model": "admin.logentry", "pk": 10, "fields": {"action_time": "2019-09-29T21:22:10.472Z", "user": 1, "content_type": 7, "object_id": "6", "object_repr": "Book object (6)", "action_flag": 1, "change_message": "[{\"added\": {}}]"}}, {"model": "admin.logentry", "pk": 11, "fields": {"action_time": "2019-09-29T21:22:43.983Z", "user": 1, "content_type": 7, "object_id": "7", "object_repr": "Book object (7)", "action_flag": 1, "change_message": "[{\"added\": {}}]"}}, {"model": "admin.logentry", "pk": 12, "fields": {"action_time": "2019-09-29T21:23:04.637Z", "user": 1, "content_type": 7, "object_id": "8", "object_repr": "Book object (8)", "action_flag": 1, "change_message": "[{\"added\": {}}]"}}, {"model": "admin.logentry", "pk": 13, "fields": {"action_time": "2019-10-05T14:50:52.612Z", "user": 1, "content_type": 9, "object_id": "2", "object_repr": "john", "action_flag": 1, "change_message": "[{\"added\": {}}]"}}, {"model": "admin.logentry", "pk": 14, "fields": {"action_time": "2019-10-05T14:51:22.088Z", "user": 1, "content_type": 9, "object_id": "2", "object_repr": "john", "action_flag": 2, "change_message": "[]"}}, {"model": "admin.logentry", "pk": 15, "fields": {"action_time": "2019-10-05T14:52:53.500Z", "user": 1, "content_type": 9, "object_id": "3", "object_repr": "mary", "action_flag": 1, "change_message": "[{\"added\": {}}]"}}, {"model": "admin.logentry", "pk": 16, "fields": {"action_time": "2019-10-05T14:53:48.796Z", "user": 1, "content_type": 9, "object_id": "4", "object_repr": "alan", "action_flag": 1, "change_message": "[{\"added\": {}}]"}}, {"model": "admin.logentry", "pk": 17, "fields": {"action_time": "2019-10-05T14:54:32.180Z", "user": 1, "content_type": 9, "object_id": "5", "object_repr": "josh", "action_flag": 1, "change_message": "[{\"added\": {}}]"}}, {"model": "admin.logentry", "pk": 18, "fields": {"action_time": "2019-10-05T14:55:20.331Z", "user": 1, "content_type": 9, "object_id": "6", "object_repr": "bill", "action_flag": 1, "change_message": "[{\"added\": {}}]"}}, {"model": "admin.logentry", "pk": 19, "fields": {"action_time": "2019-10-05T14:56:18.717Z", "user": 1, "content_type": 9, "object_id": "7", "object_repr": "anne", "action_flag": 1, "change_message": "[{\"added\": {}}]"}}, {"model": "admin.logentry", "pk": 20, "fields": {"action_time": "2019-10-05T15:02:01.372Z", "user": 1, "content_type": 9, "object_id": "2", "object_repr": "john", "action_flag": 2, "change_message": "[{\"changed\": {\"fields\": [\"status\"]}}]"}}, {"model": "admin.logentry", "pk": 21, "fields": {"action_time": "2019-10-05T15:02:24.071Z", "user": 1, "content_type": 9, "object_id": "2", "object_repr": "john", "action_flag": 2, "change_message": "[]"}}, {"model": "admin.logentry", "pk": 22, "fields": {"action_time": "2019-10-05T15:02:36.102Z", "user": 1, "content_type": 9, "object_id": "3", "object_repr": "mary", "action_flag": 2, "change_message": "[]"}}, {"model": "admin.logentry", "pk": 23, "fields": {"action_time": "2019-10-05T15:02:53.881Z", "user": 1, "content_type": 9, "object_id": "4", "object_repr": "alan", "action_flag": 2, "change_message": "[{\"changed\": {\"fields\": [\"auto_renew\"]}}]"}}, {"model": "admin.logentry", "pk": 24, "fields": {"action_time": "2019-10-05T15:03:00.359Z", "user": 1, "content_type": 9, "object_id": "4", "object_repr": "alan", "action_flag": 2, "change_message": "[]"}}, {"model": "admin.logentry", "pk": 25, "fields": {"action_time": "2019-10-05T15:03:12.851Z", "user": 1, "content_type": 9, "object_id": "5", "object_repr": "josh", "action_flag": 2, "change_message": "[{\"changed\": {\"fields\": [\"auto_renew\"]}}]"}}, {"model": "admin.logentry", "pk": 26, "fields": {"action_time": "2019-10-05T15:03:25.123Z", "user": 1, "content_type": 9, "object_id": "6", "object_repr": "bill", "action_flag": 2, "change_message": "[]"}}, {"model": "admin.logentry", "pk": 27, "fields": {"action_time": "2019-10-05T15:03:38.318Z", "user": 1, "content_type": 9, "object_id": "7", "object_repr": "anne", "action_flag": 2, "change_message": "[]"}}, {"model": "admin.logentry", "pk": 28, "fields": {"action_time": "2019-10-05T15:04:25.515Z", "user": 1, "content_type": 10, "object_id": "1", "object_repr": "Order object (1)", "action_flag": 1, "change_message": "[{\"added\": {}}]"}}, {"model": "admin.logentry", "pk": 29, "fields": {"action_time": "2019-10-05T15:05:03.420Z", "user": 1, "content_type": 10, "object_id": "2", "object_repr": "Order object (2)", "action_flag": 1, "change_message": "[{\"added\": {}}]"}}, {"model": "admin.logentry", "pk": 30, "fields": {"action_time": "2019-10-05T15:06:02.798Z", "user": 1, "content_type": 10, "object_id": "3", "object_repr": "Order object (3)", "action_flag": 1, "change_message": "[{\"added\": {}}]"}}, {"model": "admin.logentry", "pk": 31, "fields": {"action_time": "2019-10-05T15:06:43.483Z", "user": 1, "content_type": 10, "object_id": "3", "object_repr": "Order object (3)", "action_flag": 2, "change_message": "[]"}}, {"model": "admin.logentry", "pk": 32, "fields": {"action_time": "2019-10-05T15:07:04.413Z", "user": 1, "content_type": 10, "object_id": "4", "object_repr": "Order object (4)", "action_flag": 1, "change_message": "[{\"added\": {}}]"}}, {"model": "admin.logentry", "pk": 33, "fields": {"action_time": "2019-10-05T15:07:54.892Z", "user": 1, "content_type": 10, "object_id": "5", "object_repr": "Order object (5)", "action_flag": 1, "change_message": "[{\"added\": {}}]"}}, {"model": "admin.logentry", "pk": 34, "fields": {"action_time": "2019-10-05T15:26:15.268Z", "user": 1, "content_type": 10, "object_id": "6", "object_repr": "Order object (6)", "action_flag": 1, "change_message": "[{\"added\": {}}]"}}, {"model": "admin.logentry", "pk": 35, "fields": {"action_time": "2019-10-05T15:26:35.108Z", "user": 1, "content_type": 10, "object_id": "7", "object_repr": "Order object (7)", "action_flag": 1, "change_message": "[{\"added\": {}}]"}}, {"model": "admin.logentry", "pk": 36, "fields": {"action_time": "2019-10-07T11:04:54.889Z", "user": 1, "content_type": 8, "object_id": "2", "object_repr": "Pearson", "action_flag": 2, "change_message": "[{\"changed\": {\"fields\": [\"city\", \"country\"]}}]"}}, {"model": "admin.logentry", "pk": 37, "fields": {"action_time": "2019-10-07T11:05:03.569Z", "user": 1, "content_type": 8, "object_id": "3", "object_repr": "Random House", "action_flag": 2, "change_message": "[{\"changed\": {\"fields\": [\"city\"]}}]"}}, {"model": "admin.logentry", "pk": 38, "fields": {"action_time": "2019-10-07T11:05:11.666Z", "user": 1, "content_type": 8, "object_id": "1", "object_repr": "Wiley", "action_flag": 2, "change_message": "[{\"changed\": {\"fields\": [\"city\"]}}]"}}, {"model": "admin.logentry", "pk": 39, "fields": {"action_time": "2019-10-07T12:07:40.487Z", "user": 1, "content_type": 10, "object_id": "6", "object_repr": "2019-06-25", "action_flag": 2, "change_message": "[{\"changed\": {\"fields\": [\"books\"]}}]"}}, {"model": "admin.logentry", "pk": 40, "fields": {"action_time": "2019-11-17T21:40:57.109Z", "user": 1, "content_type": 11, "object_id": "1", "object_repr": "abc@gmail.com", "action_flag": 1, "change_message": "[{\"added\": {}}]"}}, {"model": "admin.logentry", "pk": 41, "fields": {"action_time": "2019-11-17T21:56:40.693Z", "user": 1, "content_type": 11, "object_id": "6", "object_repr": "Alford@gmail.com", "action_flag": 3, "change_message": ""}}, {"model": "admin.logentry", "pk": 42, "fields": {"action_time": "2019-11-17T21:56:40.700Z", "user": 1, "content_type": 11, "object_id": "5", "object_repr": "Lucida@gmail.com", "action_flag": 3, "change_message": ""}}, {"model": "admin.logentry", "pk": 43, "fields": {"action_time": "2019-11-17T21:56:40.714Z", "user": 1, "content_type": 11, "object_id": "4", "object_repr": "Alex@gmail.com", "action_flag": 3, "change_message": ""}}, {"model": "admin.logentry", "pk": 44, "fields": {"action_time": "2019-11-17T21:56:40.723Z", "user": 1, "content_type": 11, "object_id": "3", "object_repr": "John@gmail.com", "action_flag": 3, "change_message": ""}}, {"model": "admin.logentry", "pk": 45, "fields": {"action_time": "2019-11-17T21:56:40.734Z", "user": 1, "content_type": 11, "object_id": "2", "object_repr": "John@gmail.com", "action_flag": 3, "change_message": ""}}, {"model": "admin.logentry", "pk": 46, "fields": {"action_time": "2019-11-17T21:56:40.741Z", "user": 1, "content_type": 11, "object_id": "1", "object_repr": "abc@gmail.com", "action_flag": 3, "change_message": ""}}, {"model": "admin.logentry", "pk": 47, "fields": {"action_time": "2019-11-18T03:40:46.030Z", "user": 1, "content_type": 10, "object_id": "30", "object_repr": "30", "action_flag": 3, "change_message": ""}}, {"model": "admin.logentry", "pk": 48, "fields": {"action_time": "2019-11-18T03:40:46.038Z", "user": 1, "content_type": 10, "object_id": "29", "object_repr": "29", "action_flag": 3, "change_message": ""}}, {"model": "admin.logentry", "pk": 49, "fields": {"action_time": "2019-11-18T03:40:46.044Z", "user": 1, "content_type": 10, "object_id": "28", "object_repr": "28", "action_flag": 3, "change_message": ""}}, {"model": "admin.logentry", "pk": 50, "fields": {"action_time": "2019-11-18T03:40:46.050Z", "user": 1, "content_type": 10, "object_id": "27", "object_repr": "27", "action_flag": 3, "change_message": ""}}, {"model": "admin.logentry", "pk": 51, "fields": {"action_time": "2019-11-18T03:40:46.056Z", "user": 1, "content_type": 10, "object_id": "26", "object_repr": "26", "action_flag": 3, "change_message": ""}}, {"model": "admin.logentry", "pk": 52, "fields": {"action_time": "2019-11-18T03:40:46.062Z", "user": 1, "content_type": 10, "object_id": "25", "object_repr": "25", "action_flag": 3, "change_message": ""}}, {"model": "admin.logentry", "pk": 53, "fields": {"action_time": "2019-11-18T03:40:46.069Z", "user": 1, "content_type": 10, "object_id": "24", "object_repr": "24", "action_flag": 3, "change_message": ""}}, {"model": "admin.logentry", "pk": 54, "fields": {"action_time": "2019-11-18T03:40:46.076Z", "user": 1, "content_type": 10, "object_id": "23", "object_repr": "23", "action_flag": 3, "change_message": ""}}, {"model": "admin.logentry", "pk": 55, "fields": {"action_time": "2019-11-18T03:40:46.082Z", "user": 1, "content_type": 10, "object_id": "22", "object_repr": "22", "action_flag": 3, "change_message": ""}}, {"model": "admin.logentry", "pk": 56, "fields": {"action_time": "2019-11-18T03:40:46.088Z", "user": 1, "content_type": 10, "object_id": "21", "object_repr": "21", "action_flag": 3, "change_message": ""}}, {"model": "admin.logentry", "pk": 57, "fields": {"action_time": "2019-11-18T03:40:46.094Z", "user": 1, "content_type": 10, "object_id": "20", "object_repr": "20", "action_flag": 3, "change_message": ""}}, {"model": "admin.logentry", "pk": 58, "fields": {"action_time": "2019-11-18T03:40:46.103Z", "user": 1, "content_type": 10, "object_id": "19", "object_repr": "19", "action_flag": 3, "change_message": ""}}, {"model": "admin.logentry", "pk": 59, "fields": {"action_time": "2019-11-18T03:40:46.112Z", "user": 1, "content_type": 10, "object_id": "18", "object_repr": "18", "action_flag": 3, "change_message": ""}}, {"model": "admin.logentry", "pk": 60, "fields": {"action_time": "2019-11-18T03:40:46.119Z", "user": 1, "content_type": 10, "object_id": "17", "object_repr": "17", "action_flag": 3, "change_message": ""}}, {"model": "admin.logentry", "pk": 61, "fields": {"action_time": "2019-11-18T03:40:46.125Z", "user": 1, "content_type": 10, "object_id": "16", "object_repr": "16", "action_flag": 3, "change_message": ""}}, {"model": "admin.logentry", "pk": 62, "fields": {"action_time": "2019-11-18T03:40:46.133Z", "user": 1, "content_type": 10, "object_id": "15", "object_repr": "15", "action_flag": 3, "change_message": ""}}, {"model": "admin.logentry", "pk": 63, "fields": {"action_time": "2019-11-18T03:40:46.142Z", "user": 1, "content_type": 10, "object_id": "14", "object_repr": "14", "action_flag": 3, "change_message": ""}}, {"model": "admin.logentry", "pk": 64, "fields": {"action_time": "2019-11-18T03:40:46.152Z", "user": 1, "content_type": 10, "object_id": "13", "object_repr": "13", "action_flag": 3, "change_message": ""}}, {"model": "admin.logentry", "pk": 65, "fields": {"action_time": "2019-11-18T03:40:46.161Z", "user": 1, "content_type": 10, "object_id": "12", "object_repr": "12", "action_flag": 3, "change_message": ""}}, {"model": "admin.logentry", "pk": 66, "fields": {"action_time": "2019-11-18T03:40:46.170Z", "user": 1, "content_type": 10, "object_id": "11", "object_repr": "11", "action_flag": 3, "change_message": ""}}, {"model": "admin.logentry", "pk": 67, "fields": {"action_time": "2019-11-18T03:40:46.180Z", "user": 1, "content_type": 10, "object_id": "10", "object_repr": "10", "action_flag": 3, "change_message": ""}}, {"model": "admin.logentry", "pk": 68, "fields": {"action_time": "2019-11-18T18:44:36.944Z", "user": 1, "content_type": 4, "object_id": "3", "object_repr": "mary", "action_flag": 2, "change_message": "[{\"changed\": {\"fields\": [\"password\"]}}]"}}, {"model": "admin.logentry", "pk": 69, "fields": {"action_time": "2019-11-24T13:43:05.103Z", "user": 1, "content_type": 4, "object_id": "3", "object_repr": "mary", "action_flag": 2, "change_message": "[{\"changed\": {\"fields\": [\"password\"]}}]"}}, {"model": "admin.logentry", "pk": 70, "fields": {"action_time": "2019-11-24T13:59:32.464Z", "user": 1, "content_type": 11, "object_id": "30", "object_repr": "abcd@gmail.com", "action_flag": 2, "change_message": "[]"}}, {"model": "admin.logentry", "pk": 71, "fields": {"action_time": "2019-11-24T13:59:38.134Z", "user": 1, "content_type": 11, "object_id": "30", "object_repr": "abcd@gmail.com", "action_flag": 2, "change_message": "[]"}}, {"model": "admin.logentry", "pk": 72, "fields": {"action_time": "2019-11-24T13:59:41.378Z", "user": 1, "content_type": 11, "object_id": "30", "object_repr": "abcd@gmail.com", "action_flag": 2, "change_message": "[]"}}, {"model": "admin.logentry", "pk": 73, "fields": {"action_time": "2019-11-24T13:59:43.979Z", "user": 1, "content_type": 11, "object_id": "30", "object_repr": "abcd@gmail.com", "action_flag": 2, "change_message": "[]"}}, {"model": "admin.logentry", "pk": 74, "fields": {"action_time": "2019-11-24T13:59:46.522Z", "user": 1, "content_type": 11, "object_id": "30", "object_repr": "abcd@gmail.com", "action_flag": 2, "change_message": "[]"}}, {"model": "admin.logentry", "pk": 75, "fields": {"action_time": "2019-11-24T13:59:49.196Z", "user": 1, "content_type": 11, "object_id": "30", "object_repr": "abcd@gmail.com", "action_flag": 2, "change_message": "[]"}}, {"model": "admin.logentry", "pk": 76, "fields": {"action_time": "2019-11-24T13:59:51.996Z", "user": 1, "content_type": 11, "object_id": "30", "object_repr": "abcd@gmail.com", "action_flag": 2, "change_message": "[]"}}, {"model": "admin.logentry", "pk": 77, "fields": {"action_time": "2019-11-24T13:59:54.569Z", "user": 1, "content_type": 11, "object_id": "30", "object_repr": "abcd@gmail.com", "action_flag": 2, "change_message": "[]"}}, {"model": "admin.logentry", "pk": 78, "fields": {"action_time": "2019-11-24T13:59:57.158Z", "user": 1, "content_type": 11, "object_id": "30", "object_repr": "abcd@gmail.com", "action_flag": 2, "change_message": "[]"}}, {"model": "admin.logentry", "pk": 79, "fields": {"action_time": "2019-11-24T14:00:24.038Z", "user": 1, "content_type": 11, "object_id": "34", "object_repr": "Alex@gmail.com", "action_flag": 3, "change_message": ""}}, {"model": "admin.logentry", "pk": 80, "fields": {"action_time": "2019-11-24T14:00:24.052Z", "user": 1, "content_type": 11, "object_id": "33", "object_repr": "abcd@gmail.com", "action_flag": 3, "change_message": ""}}, {"model": "admin.logentry", "pk": 81, "fields": {"action_time": "2019-11-24T14:00:24.068Z", "user": 1, "content_type": 11, "object_id": "32", "object_repr": "abcd@gmail.com", "action_flag": 3, "change_message": ""}}, {"model": "admin.logentry", "pk": 82, "fields": {"action_time": "2019-11-24T14:00:24.081Z", "user": 1, "content_type": 11, "object_id": "31", "object_repr": "abcd@gmail.com", "action_flag": 3, "change_message": ""}}, {"model": "admin.logentry", "pk": 83, "fields": {"action_time": "2019-11-24T14:00:24.099Z", "user": 1, "content_type": 11, "object_id": "30", "object_repr": "abcd@gmail.com", "action_flag": 3, "change_message": ""}}, {"model": "admin.logentry", "pk": 84, "fields": {"action_time": "2019-11-24T14:00:24.114Z", "user": 1, "content_type": 11, "object_id": "29", "object_repr": "abcd@gmail.com", "action_flag": 3, "change_message": ""}}, {"model": "admin.logentry", "pk": 85, "fields": {"action_time": "2019-11-24T14:00:24.134Z", "user": 1, "content_type": 11, "object_id": "28", "object_repr": "abcd@gmail.com", "action_flag": 3, "change_message": ""}}, {"model": "admin.logentry", "pk": 86, "fields": {"action_time": "2019-11-24T14:00:24.152Z", "user": 1, "content_type": 11, "object_id": "27", "object_repr": "abcd@gmail.com", "action_flag": 3, "change_message": ""}}, {"model": "admin.logentry", "pk": 87, "fields": {"action_time": "2019-11-24T14:00:24.164Z", "user": 1, "content_type": 11, "object_id": "26", "object_repr": "abcd@gmail.com", "action_flag": 3, "change_message": ""}}, {"model": "admin.logentry", "pk": 88, "fields": {"action_time": "2019-11-24T14:00:24.177Z", "user": 1, "content_type": 11, "object_id": "25", "object_repr": "abcd@gmail.com", "action_flag": 3, "change_message": ""}}, {"model": "admin.logentry", "pk": 89, "fields": {"action_time": "2019-11-24T14:00:24.188Z", "user": 1, "content_type": 11, "object_id": "24", "object_repr": "abcd@gmail.com", "action_flag": 3, "change_message": ""}}, {"model": "admin.logentry", "pk": 90, "fields": {"action_time": "2019-11-24T14:00:24.205Z", "user": 1, "content_type": 11, "object_id": "23", "object_repr": "abcd@gmail.com", "action_flag": 3, "change_message": ""}}, {"model": "admin.logentry", "pk": 91, "fields": {"action_time": "2019-11-24T14:00:24.216Z", "user": 1, "content_type": 11, "object_id": "22", "object_repr": "John@gmail.com", "action_flag": 3, "change_message": ""}}, {"model": "admin.logentry", "pk": 92, "fields": {"action_time": "2019-11-24T14:00:24.232Z", "user": 1, "content_type": 11, "object_id": "21", "object_repr": "John@gmail.com", "action_flag": 3, "change_message": ""}}, {"model": "admin.logentry", "pk": 93, "fields": {"action_time": "2019-11-24T14:00:24.247Z", "user": 1, "content_type": 11, "object_id": "20", "object_repr": "John@gmail.com", "action_flag": 3, "change_message": ""}}, {"model": "admin.logentry", "pk": 94, "fields": {"action_time": "2019-11-24T14:00:24.257Z", "user": 1, "content_type": 11, "object_id": "19", "object_repr": "abcd@gmail.com", "action_flag": 3, "change_message": ""}}, {"model": "admin.logentry", "pk": 95, "fields": {"action_time": "2019-11-24T14:00:24.268Z", "user": 1, "content_type": 11, "object_id": "18", "object_repr": "abcd@gmail.com", "action_flag": 3, "change_message": ""}}, {"model": "admin.logentry", "pk": 96, "fields": {"action_time": "2019-11-24T14:00:24.285Z", "user": 1, "content_type": 11, "object_id": "17", "object_repr": "abcd@gmail.com", "action_flag": 3, "change_message": ""}}, {"model": "admin.logentry", "pk": 97, "fields": {"action_time": "2019-11-24T14:00:24.300Z", "user": 1, "content_type": 11, "object_id": "16", "object_repr": "abcd@gmail.com", "action_flag": 3, "change_message": ""}}, {"model": "admin.logentry", "pk": 98, "fields": {"action_time": "2019-11-24T14:00:24.321Z", "user": 1, "content_type": 11, "object_id": "15", "object_repr": "abcd@gmail.com", "action_flag": 3, "change_message": ""}}, {"model": "admin.logentry", "pk": 99, "fields": {"action_time": "2019-11-24T14:00:24.347Z", "user": 1, "content_type": 11, "object_id": "14", "object_repr": "abcd@gmail.com", "action_flag": 3, "change_message": ""}}, {"model": "admin.logentry", "pk": 100, "fields": {"action_time": "2019-11-24T14:00:24.387Z", "user": 1, "content_type": 11, "object_id": "13", "object_repr": "abcd@gmail.com", "action_flag": 3, "change_message": ""}}, {"model": "admin.logentry", "pk": 101, "fields": {"action_time": "2019-11-24T14:00:24.429Z", "user": 1, "content_type": 11, "object_id": "12", "object_repr": "abcd@gmail.com", "action_flag": 3, "change_message": ""}}, {"model": "admin.logentry", "pk": 102, "fields": {"action_time": "2019-11-24T14:00:24.487Z", "user": 1, "content_type": 11, "object_id": "11", "object_repr": "abcd@gmail.com", "action_flag": 3, "change_message": ""}}, {"model": "admin.logentry", "pk": 103, "fields": {"action_time": "2019-11-24T14:00:24.529Z", "user": 1, "content_type": 11, "object_id": "10", "object_repr": "abcd@gmail.com", "action_flag": 3, "change_message": ""}}, {"model": "admin.logentry", "pk": 104, "fields": {"action_time": "2019-11-24T14:00:24.548Z", "user": 1, "content_type": 11, "object_id": "9", "object_repr": "John@gmail.com", "action_flag": 3, "change_message": ""}}, {"model": "admin.logentry", "pk": 105, "fields": {"action_time": "2019-11-24T14:00:24.570Z", "user": 1, "content_type": 11, "object_id": "8", "object_repr": "John@gmail.com", "action_flag": 3, "change_message": ""}}, {"model": "admin.logentry", "pk": 106, "fields": {"action_time": "2019-11-24T14:00:24.593Z", "user": 1, "content_type": 11, "object_id": "7", "object_repr": "abcd@gmail.com", "action_flag": 3, "change_message": ""}}, {"model": "admin.logentry", "pk": 107, "fields": {"action_time": "2019-11-24T14:00:24.610Z", "user": 1, "content_type": 11, "object_id": "6", "object_repr": "abcd@gmail.com", "action_flag": 3, "change_message": ""}}, {"model": "admin.logentry", "pk": 108, "fields": {"action_time": "2019-11-24T14:00:24.627Z", "user": 1, "content_type": 11, "object_id": "5", "object_repr": "abcd@gmail.com", "action_flag": 3, "change_message": ""}}, {"model": "admin.logentry", "pk": 109, "fields": {"action_time": "2019-11-24T14:00:24.640Z", "user": 1, "content_type": 11, "object_id": "4", "object_repr": "abcd@gmail.com", "action_flag": 3, "change_message": ""}}, {"model": "admin.logentry", "pk": 110, "fields": {"action_time": "2019-11-24T14:00:24.657Z", "user": 1, "content_type": 11, "object_id": "3", "object_repr": "abcd@gmail.com", "action_flag": 3, "change_message": ""}}, {"model": "admin.logentry", "pk": 111, "fields": {"action_time": "2019-11-24T14:00:24.679Z", "user": 1, "content_type": 11, "object_id": "2", "object_repr": "abcd@gmail.com", "action_flag": 3, "change_message": ""}}, {"model": "admin.logentry", "pk": 112, "fields": {"action_time": "2019-11-24T14:00:24.700Z", "user": 1, "content_type": 11, "object_id": "1", "object_repr": "abcd@gmail.com", "action_flag": 3, "change_message": ""}}, {"model": "admin.logentry", "pk": 113, "fields": {"action_time": "2019-11-24T14:00:56.559Z", "user": 1, "content_type": 11, "object_id": "35", "object_repr": "1@gmail.com", "action_flag": 1, "change_message": "[{\"added\": {}}]"}}, {"model": "admin.logentry", "pk": 114, "fields": {"action_time": "2019-11-24T14:01:07.850Z", "user": 1, "content_type": 11, "object_id": "36", "object_repr": "2@gmail.com", "action_flag": 1, "change_message": "[{\"added\": {}}]"}}, {"model": "admin.logentry", "pk": 115, "fields": {"action_time": "2019-11-24T14:01:19.478Z", "user": 1, "content_type": 11, "object_id": "37", "object_repr": "3@gmail.com", "action_flag": 1, "change_message": "[{\"added\": {}}]"}}, {"model": "admin.logentry", "pk": 116, "fields": {"action_time": "2019-11-24T14:01:30.843Z", "user": 1, "content_type": 11, "object_id": "38", "object_repr": "4@gmail.com", "action_flag": 1, "change_message": "[{\"added\": {}}]"}}, {"model": "admin.logentry", "pk": 117, "fields": {"action_time": "2019-11-24T14:01:43.965Z", "user": 1, "content_type": 11, "object_id": "39", "object_repr": "5@gmail.com", "action_flag": 1, "change_message": "[{\"added\": {}}]"}}, {"model": "admin.logentry", "pk": 118, "fields": {"action_time": "2019-11-24T14:01:57.646Z", "user": 1, "content_type": 11, "object_id": "40", "object_repr": "6@gmail.com", "action_flag": 1, "change_message": "[{\"added\": {}}]"}}, {"model": "admin.logentry", "pk": 119, "fields": {"action_time": "2019-11-24T14:02:08.796Z", "user": 1, "content_type": 11, "object_id": "41", "object_repr": "7@gmail.com", "action_flag": 1, "change_message": "[{\"added\": {}}]"}}, {"model": "admin.logentry", "pk": 120, "fields": {"action_time": "2019-11-24T14:02:25.475Z", "user": 1, "content_type": 11, "object_id": "42", "object_repr": "8@gmail.com", "action_flag": 1, "change_message": "[{\"added\": {}}]"}}, {"model": "admin.logentry", "pk": 121, "fields": {"action_time": "2019-11-24T18:13:28.518Z", "user": 1, "content_type": 11, "object_id": "42", "object_repr": "8@gmail.com", "action_flag": 3, "change_message": ""}}, {"model": "admin.logentry", "pk": 122, "fields": {"action_time": "2019-12-09T15:53:11.329Z", "user": 1, "content_type": 4, "object_id": "2", "object_repr": "john", "action_flag": 2, "change_message": "[{\"changed\": {\"fields\": [\"password\"]}}]"}}, {"model": "admin.logentry", "pk": 123, "fields": {"action_time": "2019-12-09T15:54:08.622Z", "user": 1, "content_type": 9, "object_id": "5", "object_repr": "josh", "action_flag": 2, "change_message": "[{\"changed\": {\"fields\": [\"password\"]}}]"}}, {"model": "admin.logentry", "pk": 124, "fields": {"action_time": "2019-12-09T15:55:06.528Z", "user": 1, "content_type": 4, "object_id": "5", "object_repr": "josh", "action_flag": 2, "change_message": "[{\"changed\": {\"fields\": [\"password\"]}}]"}}, {"model": "admin.logentry", "pk": 125, "fields": {"action_time": "2019-12-09T21:18:31.380Z", "user": 1, "content_type": 12, "object_id": "1", "object_repr": "khyati Profile", "action_flag": 1, "change_message": "[{\"added\": {}}]"}}, {"model": "admin.logentry", "pk": 126, "fields": {"action_time": "2019-12-09T21:21:57.407Z", "user": 1, "content_type": 12, "object_id": "1", "object_repr": "khyati Profile", "action_flag": 2, "change_message": "[{\"changed\": {\"fields\": [\"image\"]}}]"}}, {"model": "admin.logentry", "pk": 127, "fields": {"action_time": "2019-12-09T21:35:51.330Z", "user": 1, "content_type": 12, "object_id": "1", "object_repr": "khyati Profile", "action_flag": 2, "change_message": "[]"}}, {"model": "admin.logentry", "pk": 128, "fields": {"action_time": "2019-12-09T21:36:14.986Z", "user": 1, "content_type": 12, "object_id": "2", "object_repr": "mary Profile", "action_flag": 1, "change_message": "[{\"added\": {}}]"}}, {"model": "myapp.profile", "pk": 1, "fields": {"user": 1, "image": "media/profile_pics/Profile_Picture_hTv77fw.png"}}, {"model": "myapp.profile", "pk": 2, "fields": {"user": 3, "image": "profile_pics/Profile_Picture.png"}}, {"model": "myapp.member", "pk": 2, "fields": {"status": 2, "address": "University Avenue", "city": "Windsor", "province": "ON", "last_renewal": "2019-06-28", "auto_renew": true, "groups": [], "user_permissions": [], "borrowed_books": [1, 2, 3, 4, 7]}}, {"model": "myapp.member", "pk": 3, "fields": {"status": 1, "address": "Sunset Avenue", "city": "Windsor", "province": "ON", "last_renewal": "2019-06-14", "auto_renew": true, "groups": [], "user_permissions": [], "borrowed_books": [1, 2, 3, 6]}}, {"model": "myapp.member", "pk": 4, "fields": {"status": 1, "address": "King Street", "city": "Calgary", "province": "AB", "last_renewal": "2019-07-22", "auto_renew": false, "groups": [], "user_permissions": [], "borrowed_books": [1, 2]}}, {"model": "myapp.member", "pk": 5, "fields": {"status": 3, "address": "Sunset Avenue", "city": "Montreal", "province": "QC", "last_renewal": "2019-06-10", "auto_renew": false, "groups": [], "user_permissions": [], "borrowed_books": [2, 3, 6]}}, {"model": "myapp.member", "pk": 6, "fields": {"status": 2, "address": "", "city": "Edmononton", "province": "AB", "last_renewal": "2019-06-28", "auto_renew": true, "groups": [], "user_permissions": [], "borrowed_books": [3, 7, 8]}}, {"model": "myapp.member", "pk": 7, "fields": {"status": 2, "address": "Curry Avenue", "city": "Edmononton", "province": "AB", "last_renewal": "2019-08-02", "auto_renew": true, "groups": [], "user_permissions": [], "borrowed_books": [1]}}, {"model": "myapp.member", "pk": 8, "fields": {"status": 1, "address": "", "city": "Windsor", "province": "ON", "last_renewal": "2019-12-08", "auto_renew": true, "groups": [], "user_permissions": [], "borrowed_books": []}}, {"model": "myapp.member", "pk": 9, "fields": {"status": 1, "address": "", "city": "Windsor", "province": "ON", "last_renewal": "2019-12-09", "auto_renew": true, "groups": [], "user_permissions": [], "borrowed_books": []}}, {"model": "myapp.member", "pk": 10, "fields": {"status": 1, "address": "", "city": "Windsor", "province": "ON", "last_renewal": "2019-12-09", "auto_renew": true, "groups": [], "user_permissions": [], "borrowed_books": []}}, {"model": "myapp.order", "pk": 1, "fields": {"member": 2, "order_type": 1, "order_date": "2019-07-02", "books": [1, 2]}}, {"model": "myapp.order", "pk": 2, "fields": {"member": 2, "order_type": 1, "order_date": "2019-06-19", "books": [3, 4]}}, {"model": "myapp.order", "pk": 3, "fields": {"member": 3, "order_type": 1, "order_date": "2019-07-02", "books": [1, 3]}}, {"model": "myapp.order", "pk": 4, "fields": {"member": 4, "order_type": 1, "order_date": "2019-07-24", "books": [2]}}, {"model": "myapp.order", "pk": 5, "fields": {"member": 6, "order_type": 1, "order_date": "2019-07-02", "books": [3, 7, 8]}}, {"model": "myapp.order", "pk": 6, "fields": {"member": 3, "order_type": 0, "order_date": "2019-06-25", "books": [5]}}, {"model": "myapp.order", "pk": 7, "fields": {"member": 2, "order_type": 0, "order_date": "2019-07-02", "books": [5, 8]}}, {"model": "myapp.order", "pk": 8, "fields": {"member": 2, "order_type": 1, "order_date": "2019-11-11", "books": []}}, {"model": "myapp.order", "pk": 9, "fields": {"member": 2, "order_type": 1, "order_date": "2019-11-11", "books": []}}, {"model": "myapp.order", "pk": 31, "fields": {"member": 2, "order_type": 1, "order_date": "2019-11-18", "books": []}}, {"model": "myapp.order", "pk": 32, "fields": {"member": 3, "order_type": 1, "order_date": "2019-11-18", "books": [2]}}, {"model": "myapp.order", "pk": 33, "fields": {"member": 6, "order_type": 0, "order_date": "2019-11-18", "books": [3, 4, 5]}}, {"model": "myapp.order", "pk": 34, "fields": {"member": 2, "order_type": 1, "order_date": "2019-11-18", "books": [1, 2, 3]}}, {"model": "myapp.order", "pk": 35, "fields": {"member": 7, "order_type": 1, "order_date": "2019-11-18", "books": [1]}}, {"model": "myapp.order", "pk": 36, "fields": {"member": 2, "order_type": 1, "order_date": "2019-11-18", "books": [1, 7]}}, {"model": "myapp.order", "pk": 37, "fields": {"member": 2, "order_type": 1, "order_date": "2019-11-25", "books": [1]}}]